iteration,time_seconds,compliance,volume_fraction,change,beta,time_fe_assembly,time_fe_solve,time_filter,time_optimizer
1,0.6703512,1368.87363391576,0.454394739052191,1,1,0.0487855,0.0628789,0.0391187,0.511851
2,1.2777619,752.236314866268,0.459936723700471,0.199982468318321,1,0.058905,0.0668435,0.0436476,0.4282645
3,1.9122516,545.392618180377,0.480207386106848,0.183062316121014,1,0.0497766,0.0586942,0.0343436,0.4841072
4,2.5395334,451.15714453709,0.488809289727303,0.147334845366457,1,0.0490145,0.0631347,0.0429547,0.460659
5,3.1518236,401.206602053196,0.493295797630166,0.126236390471243,1,0.0510615,0.0609658,0.0350116,0.4568447
6,3.7738279,374.166589690086,0.496085026951828,0.117918914719903,1,0.0429027,0.0606552,0.0417955,0.4677163
7,4.3840309,358.573220154369,0.497465866911913,0.129544838056582,1,0.047799,0.0610171,0.0392925,0.4541675
8,5.0145396,348.343188463174,0.498152331496659,0.147517869284828,1,0.0502195,0.0620643,0.0359902,0.4746598
9,5.6333768,341.051096272448,0.498622691344801,0.166157738823039,1,0.0580646,0.0666511,0.0417758,0.4431919
10,6.2386346,335.539137357524,0.498890699586988,0.179272897432693,1,0.0484863,0.069422,0.0407475,0.4374519
11,6.8561822,330.453796449364,0.498864674314375,0.153740438096761,1,0.0502954,0.0651019,0.0381784,0.4521134
12,7.4402505,324.627556214283,0.498621737422659,0.141111864844404,1,0.0442157,0.0592841,0.0354021,0.4378224
13,8.0569876,317.982574605397,0.498463902050196,0.16126368492956,1,0.0519037,0.0639791,0.0399669,0.4497337
14,8.6537461,311.126751977702,0.49845261201345,0.188387913887598,1,0.0517192,0.0629437,0.0357903,0.437495
15,9.2761725,304.868137785058,0.498602259663421,0.183388858496469,1,0.0441395,0.0633424,0.0388037,0.4661963
16,9.8929199,298.797390576355,0.498601228138866,0.187519242888483,1,0.0437975,0.0615042,0.0375482,0.4636108
17,10.5804356,291.946078218845,0.498445207396624,0.190080031711525,1,0.0471494,0.074191,0.0452165,0.5053588
18,11.5584301,283.820231244738,0.498069823699609,0.193417379719932,1,0.0621587,0.3765518,0.0487113,0.4755727
19,12.2082697,274.07775608926,0.497633385428219,0.195540289453153,1,0.060261,0.081501,0.0441143,0.4549564
20,12.8613936,264.11407623292,0.497568008021545,0.195760689940886,1,0.0597384,0.0650877,0.0411708,0.4750921
21,13.495673,255.758757892639,0.497957673256133,0.196188978713529,1,0.0496401,0.068711,0.0417106,0.4638054
22,14.0960845,249.935038115025,0.498319067009085,0.196659112904738,1,0.0515778,0.0603122,0.0405062,0.4376037
23,14.6769218,245.448047469155,0.498501978149882,0.197142761525116,1,0.0500816,0.0621994,0.0377089,0.4196977
24,15.275092,241.422891217764,0.498754935656484,0.196851621207326,1,0.0471985,0.0645367,0.0382044,0.4383777
25,15.8614495,238.847153797473,0.499167174661764,0.195444077906591,1,0.0538963,0.0635369,0.0407682,0.4158778
26,16.4379895,237.401424172637,0.499606145685721,0.193924918678485,1,0.0474443,0.0605364,0.0360502,0.4245581
27,17.022735,236.626050485987,0.499751698196658,0.191292805166721,1,0.0468728,0.0580082,0.0377821,0.4339161
28,17.5930675,236.10196395282,0.499822535992624,0.187989587829069,1,0.0500727,0.0575367,0.0339379,0.4208666
29,18.1685876,235.735096479241,0.499872869603487,0.181692512959806,1,0.0483068,0.0608095,0.0380408,0.4190805
30,18.7807919,235.461163700829,0.499896361866762,0.17580155276065,1,0.0485277,0.0629002,0.036238,0.4565932
31,19.3759413,235.229268138655,0.499911310910073,0.16942412578306,1,0.0538311,0.064065,0.0459701,0.4215937
32,19.9474676,235.032552779574,0.499925589935631,0.167340734087798,1,0.048377,0.0609,0.0353109,0.4192858
33,20.5226887,234.86573459525,0.499936104695869,0.171006161494474,1,0.0506717,0.0617575,0.0399703,0.4149993
34,21.1195479,234.721615783979,0.499945194483495,0.162600127623126,1,0.0516329,0.0632805,0.0407155,0.4312066
35,21.6814313,234.59744700258,0.499953219387405,0.173403374805856,1,0.0500861,0.0607176,0.0364059,0.4064874
36,22.2856501,234.491120213536,0.499960366367243,0.158628809162168,1,0.0495907,0.0690566,0.0436453,0.432938
37,22.9026072,234.40003551725,0.499966519714706,0.156288944355567,1,0.0496801,0.0649746,0.0374104,0.4570412
38,23.4529407,234.321215893229,0.499970822124694,0.151185564796214,1,0.0483988,0.0604338,0.0379466,0.3941257
39,24.0645086,234.251666995057,0.499974163728304,0.151179813773996,1,0.0447739,0.074914,0.0398916,0.4439917
40,24.6504309,234.189444281749,0.49997725521877,0.148934007407681,1,0.0529095,0.0758591,0.0403365,0.4066973
41,25.20714,234.133995160373,0.499979157951084,0.146179266879124,1,0.0488077,0.0591801,0.0364456,0.403961
42,25.7536164,234.083101491473,0.499980669624862,0.1476787130407,1,0.0477704,0.0641674,0.0373787,0.388721
43,26.2977883,234.035862355492,0.499981782024363,0.148463950418388,1,0.0474796,0.0603619,0.0357067,0.3930396
44,26.8563582,233.99103125919,0.499982642133746,0.148648600060277,1,0.0461633,0.0622699,0.0359072,0.4057327
45,27.4589547,233.9477557946,0.499983352144934,0.143062652478533,1,0.0628292,0.0606289,0.0454144,0.4253904
46,28.0214927,233.906981379868,0.499984681996677,0.149023555138174,1,0.0514581,0.0617876,0.0398918,0.4023756
47,28.628086,233.869576943463,0.49998564224559,0.14900307651699,1,0.0472649,0.0613511,0.040825,0.4492471
48,29.2141454,233.834005212081,0.499986359683555,0.143535217095792,1,0.0548573,0.0640161,0.0439449,0.41373
49,29.7988648,233.799953267932,0.499986953348021,0.14226993974098,1,0.0512228,0.0608205,0.036127,0.4282607
50,30.4263601,233.767530922166,0.499987824058168,0.145082351664225,1,0.0550651,0.0695165,0.0433709,0.4467405
51,31.0883052,241.989862165906,0.473701518518865,0.14279620494347,2,0.0512206,0.0641941,0.0502637,0.4751039
52,31.74638,229.337510417566,0.499709038958078,0.197165881363368,2,0.0503988,0.0702606,0.0406639,0.4882619
53,32.3547572,228.308080709761,0.499658686033398,0.191495178836279,2,0.0499689,0.0591846,0.0392241,0.4497225
54,32.9995928,227.762591632194,0.499826552710307,0.186860130618704,2,0.0528224,0.0645467,0.0467464,0.4718547
55,33.6460868,227.458872995496,0.499895641725335,0.182829959501037,2,0.0541658,0.0622372,0.0403411,0.4813963
56,34.2967732,227.269093617206,0.499938326831001,0.163949273257105,2,0.056014,0.0736666,0.0421259,0.4690676
57,34.920656,227.152646584416,0.499962546803089,0.147612596092971,2,0.0529411,0.0713651,0.0400388,0.450983
58,35.6113419,227.080563721271,0.499977147813534,0.151914738953447,2,0.0520468,0.0679504,0.0403076,0.5218226
59,36.3546193,227.032884288539,0.499983473054251,0.153772191155258,2,0.0677743,0.0935119,0.0505045,0.5172607
60,37.1489271,226.996334417723,0.499986637091966,0.151060822601779,2,0.0577386,0.1807783,0.0446153,0.4966041
61,37.7720294,226.965499319787,0.499988391078683,0.147281786248317,2,0.0501334,0.064833,0.0411595,0.4575783
62,38.3414843,226.938197840945,0.499989675003718,0.142924515443886,2,0.0458296,0.0615527,0.0355456,0.4186715
63,38.9545386,226.91417128919,0.499990973211255,0.132468917818136,2,0.0518306,0.0621236,0.0380648,0.4533866
64,39.5776301,226.892627087994,0.499991610481594,0.126320071279152,2,0.0502265,0.0630198,0.0366646,0.4630522
65,40.1797206,226.872252465239,0.499991845696682,0.124025717151976,2,0.0511981,0.0635126,0.0406615,0.4379941
66,40.8594035,226.852451913343,0.499992068382895,0.138473582520425,2,0.050868,0.0655052,0.0400378,0.5146151
67,41.76027,226.833246606502,0.499992218941361,0.135997712773491,2,0.0619909,0.12795,0.0594826,0.6366965
68,42.4419187,226.814771079062,0.49999265700804,0.132056574614855,2,0.0595464,0.0730257,0.0478702,0.4903808
69,43.2859976,226.797510579218,0.499993150082955,0.123881951399272,2,0.05649,0.0968693,0.0728821,0.6007956
70,44.000513,226.781325332004,0.499993459168218,0.120854904441126,2,0.0625112,0.0781108,0.0465937,0.5174417
71,44.7365444,226.765763812139,0.499993623637313,0.116548153495532,2,0.0613509,0.1094287,0.0475034,0.5033487
72,45.439842,226.750721810371,0.499993848314463,0.119798424360451,2,0.0585773,0.0640977,0.0480102,0.5201743
73,46.1438629,226.736210987289,0.499994053296893,0.118633701745176,2,0.0614522,0.081772,0.046656,0.5057345
74,46.834176,226.722237864745,0.499994226565979,0.116579083614508,2,0.0586074,0.0711528,0.0451319,0.5067584
75,47.667371,226.708561075167,0.49999428229381,0.113976295782342,2,0.0585891,0.1856296,0.0522371,0.5220784
76,48.3714902,226.695113971471,0.49999439723001,0.109698715165513,2,0.0625675,0.0772351,0.04888,0.4999446
77,49.0825482,226.681748516499,0.49999436351458,0.114217878452149,2,0.0535634,0.0756137,0.0485628,0.5203188
78,49.7492051,226.668518815713,0.499994506828321,0.114340436134383,2,0.0527399,0.0621229,0.0456309,0.4943019
79,50.437634,226.655630340816,0.499994645003559,0.113679178249845,2,0.0558058,0.0757639,0.0478488,0.497156
80,51.1164356,226.643090573934,0.499994718897466,0.112572561978568,2,0.0526824,0.0658495,0.0461233,0.5032449
81,51.7626871,226.630751288785,0.499994869021995,0.104229482352997,2,0.0536771,0.0590663,0.0412979,0.4840236
82,52.4049909,226.618784147746,0.49999495121947,0.107201341906579,2,0.0483251,0.0595605,0.0387096,0.4878176
83,53.0589572,226.606801548256,0.499994933293683,0.112294319180942,2,0.0528922,0.0688283,0.0408235,0.4825896
84,53.6998773,226.594961129961,0.49999505211809,0.112650609612618,2,0.0541909,0.0656483,0.0379422,0.4716554
85,54.3439644,226.583404947769,0.499995225374526,0.109743296782922,2,0.0496684,0.068801,0.0405067,0.4770661
86,54.9839286,226.572245307172,0.499995346640597,0.106881945709425,2,0.0502172,0.0625102,0.0394523,0.4794294
87,55.6112237,226.561328304706,0.499995511624102,0.0994813080151592,2,0.0494334,0.0614695,0.0378191,0.4688529
88,56.2748495,226.550877765763,0.499995594879778,0.101022257360036,2,0.0499325,0.0622226,0.0386186,0.5051262
89,56.9510507,226.540358917124,0.499995557629749,0.105763125962291,2,0.0517579,0.0602162,0.041983,0.5146703
90,57.6606562,226.529706334533,0.499995519266815,0.106893904720767,2,0.0522463,0.0656171,0.043112,0.541103
91,58.3037101,226.519130944653,0.499995599496146,0.1052204739571,2,0.0556483,0.0641361,0.0403443,0.4734206
92,58.9301945,226.508745020843,0.499995717612362,0.103075244976976,2,0.0500204,0.0631739,0.0385048,0.4643452
93,59.6242924,226.498465809428,0.499995853066733,0.101163584513743,2,0.0601819,0.069033,0.044386,0.5123031
94,60.2907663,226.488606772244,0.49999600493186,0.0985245671674675,2,0.0596973,0.0728697,0.0499238,0.4726028
95,60.9119105,226.479005319429,0.499996004224552,0.0965523020560788,2,0.0502434,0.0590036,0.0392238,0.4643297
96,61.5510438,226.469241395119,0.499995956525129,0.102888415446387,2,0.0516617,0.0679296,0.0419081,0.4688522
97,62.2191182,226.459339869618,0.499995969353943,0.101469230564069,2,0.055703,0.075996,0.0438998,0.4831056
98,62.8018662,226.449606966359,0.499996002994044,0.0996955425882528,2,0.0493357,0.0604394,0.03837,0.4270209
99,63.3959752,226.439797552664,0.499996134109689,0.0973125507170999,2,0.0467722,0.061658,0.0381464,0.438829
100,64.0177923,226.430343466587,0.499996302433158,0.0965074287316464,2,0.0495629,0.0611722,0.0386911,0.4620205
101,64.6632777,229.097811424774,0.469527727705371,0.0936380670370751,4,0.05163,0.0612493,0.0405351,0.4831415
102,65.3145873,216.80438793512,0.501161500401148,0.198026464221401,4,0.0603894,0.0756665,0.0436947,0.4610344
103,65.9522526,216.081946841012,0.499646506587692,0.190704420586233,4,0.0455582,0.0581371,0.0388369,0.4855223
104,66.5758643,215.58470068041,0.499814810251551,0.186754784289954,4,0.0450615,0.0580532,0.0389565,0.4722306
105,67.2113673,215.312172395974,0.499883533362508,0.18309558906222,4,0.0465541,0.0586711,0.0357082,0.4868915
106,67.86664,215.13854810919,0.499924101923981,0.170603615207726,4,0.0497207,0.0578309,0.0374493,0.5016034
107,68.5158884,215.033454632507,0.49995490785229,0.145458698522812,4,0.0500186,0.0663518,0.0402186,0.484819
108,69.1748642,214.968164838249,0.499972973951421,0.142344296652242,4,0.0525743,0.0664076,0.0392752,0.4918592
109,69.8606357,214.928350666833,0.499983228784676,0.140512782031091,4,0.051943,0.0677826,0.0429508,0.5136732
110,70.5778214,214.901472451964,0.499988241476874,0.140510059447768,4,0.0683699,0.0721348,0.0454292,0.5211077
111,71.3230579,214.88247048541,0.499991223757482,0.121112803474607,4,0.0577943,0.0724392,0.0418033,0.5630641
112,72.0453692,214.868017617988,0.499992881441383,0.110749738981864,4,0.0546979,0.0757098,0.0456839,0.5347086
113,72.7160615,214.856209821686,0.499994015629189,0.104708149636512,4,0.0541147,0.0695246,0.0428636,0.4937502
114,73.3799638,214.846085099743,0.49999482110384,0.100669605223314,4,0.0484929,0.057347,0.0376535,0.5118361
115,74.0410366,214.837153863788,0.499995436577207,0.101324946671337,4,0.051893,0.0632178,0.0389475,0.4986327
116,74.6903137,214.829152131614,0.499995893340515,0.104201144125105,4,0.0539096,0.0629678,0.0411939,0.483049
117,75.3448807,214.821761586534,0.499996223086453,0.0927403943772033,4,0.0571071,0.0680593,0.0433985,0.4737725
118,76.0364143,214.814752125476,0.499996493722137,0.0928435184472346,4,0.049667,0.0599264,0.0422582,0.5296845
119,76.6341413,214.808041539847,0.49999670328248,0.0892876962710721,4,0.0458384,0.0635005,0.0365645,0.4441375
120,77.2425854,214.801565354583,0.499996890807877,0.0863100653807654,4,0.046464,0.0568757,0.0379238,0.4599641
121,77.8614322,214.795339414658,0.499997045840022,0.0828822089836052,4,0.0458351,0.065346,0.0423428,0.4558546
122,78.47954,214.78939064985,0.499997157890015,0.082209762925427,4,0.0543772,0.0680905,0.0410472,0.4464337
123,79.0873916,214.783595959663,0.499997235662498,0.0842975799320423,4,0.0450864,0.0563666,0.0348094,0.4627046
124,79.7015361,214.777875483599,0.499997307005833,0.0865819779642183,4,0.0504316,0.061757,0.0411437,0.4504533
125,80.3270043,214.772300253536,0.499997399819853,0.0870458340607703,4,0.0450532,0.0592664,0.0374219,0.4721287
126,81.0117321,214.76689334275,0.499997519442208,0.0769887932138257,4,0.0508467,0.0678771,0.0445008,0.5080099
127,81.6129005,214.76169558359,0.499997624810408,0.073352205757585,4,0.054165,0.0575777,0.0389224,0.4421237
128,82.228744,214.756719500271,0.499997704279637,0.0711450370306516,4,0.0469463,0.0602856,0.0385095,0.4629668
129,82.8555017,214.751828827134,0.499997741510598,0.0705344039291036,4,0.046863,0.0617188,0.0376886,0.4729968
130,83.4624969,214.747082531956,0.499997786078309,0.0728171332962885,4,0.0482004,0.0587025,0.0378831,0.4518031
131,84.0922567,214.742415235968,0.499997816566531,0.0710782739924206,4,0.0543164,0.0623226,0.0394294,0.4658893
132,84.7923836,214.737798098773,0.499997865441426,0.0696208493864292,4,0.0534657,0.0582876,0.0421153,0.5389053
133,85.4794067,214.733262099015,0.499997895689189,0.0678800611416421,4,0.0478884,0.059477,0.0402822,0.5304329
134,86.1453427,214.728850573434,0.499997952557184,0.0713852102046043,4,0.0516449,0.0665147,0.0417273,0.4982982
135,86.7977545,214.72443035645,0.499997976475891,0.0692446658375476,4,0.0592196,0.0708895,0.0428547,0.4707264
136,87.4308382,214.720139717454,0.499998019755825,0.0723400171340222,4,0.0550774,0.0693374,0.0427794,0.4566673
137,88.0502469,214.715915614375,0.49999805011284,0.0710509941355342,4,0.0450771,0.0613035,0.0399721,0.4641575
138,88.677597,214.711755930542,0.499998084585877,0.0700041790743692,4,0.048493,0.0576408,0.0405335,0.4719139
139,89.3013825,214.707652772355,0.499998107497563,0.0716646035795625,4,0.0476593,0.067349,0.0426586,0.4542762
140,89.9265151,214.70363190499,0.49999812651343,0.0685049598726193,4,0.0537015,0.0645634,0.0388578,0.4588762
141,90.5419505,214.699582158485,0.499998135410964,0.0715868062717802,4,0.0468785,0.0605839,0.0345029,0.4661712
142,91.1946004,214.695629702024,0.499998155682741,0.0688070435387599,4,0.0477112,0.060649,0.0374885,0.4994241
143,91.8291402,214.691747447949,0.499998183792454,0.0672665084052489,4,0.0485126,0.059738,0.0353958,0.4837982
144,92.4894244,214.687882546004,0.499998230777792,0.0685795211500106,4,0.0528032,0.0626811,0.0426707,0.4918074
145,93.1218118,214.684103155116,0.499998264514944,0.0672241952324243,4,0.0507426,0.059861,0.0371677,0.4766137
146,93.7819411,214.680417775526,0.499998293104786,0.0656507028684351,4,0.0548975,0.0659397,0.0435848,0.4863337
147,94.4350336,214.676744500435,0.499998309290762,0.069004548685069,4,0.0501399,0.0689601,0.0365322,0.4881811
148,95.0678815,214.673167905797,0.499998331206277,0.0664024547116799,4,0.0481258,0.0568006,0.0360284,0.4842794
149,95.6883144,214.669622340607,0.499998338573632,0.0697809048836918,4,0.0492944,0.0630735,0.0368319,0.463838
150,96.3403184,214.666077547981,0.49999834337503,0.0665076652373434,4,0.0515704,0.0622901,0.0406011,0.4879169
151,96.9274443,205.065500051904,0.494136448515713,0.0688546072301044,8,0.0532566,0.0686298,0.0413828,0.415981
152,97.6063643,203.352668948383,0.499966865539242,0.176395957143553,8,0.0488037,0.0685089,0.045202,0.5021001
153,98.2215068,203.336753743756,0.499951051585148,0.161389546214018,8,0.0538036,0.069097,0.0431241,0.4401416
154,98.8022423,203.311897795243,0.499949829231817,0.149060514733822,8,0.04869,0.0618087,0.0356838,0.4271015
155,99.4477103,203.289381857568,0.499969571241178,0.151483021458421,8,0.0537764,0.0672458,0.0417591,0.4723171
156,100.0793415,203.270508097729,0.499966955850641,0.138407084132901,8,0.0549286,0.0701442,0.0434173,0.4520284
157,100.6938972,203.253270883904,0.499983091565887,0.126788265036353,8,0.0535302,0.0627516,0.0388152,0.4515872
158,101.3776622,203.23806331891,0.499988183174298,0.110991768635992,8,0.049418,0.0671077,0.0393672,0.5194083
159,102.0510406,203.229104178458,0.499992745923893,0.0942898137754269,8,0.065747,0.0731453,0.0487259,0.4759129
160,102.7697926,203.221156695658,0.499994176770094,0.0810781637340489,8,0.0496499,0.0706396,0.0411506,0.5479727
161,103.5859657,203.214984628739,0.499995168669564,0.0752877454917101,8,0.0565732,0.0959778,0.0467634,0.6069379
162,104.3014719,203.209502814601,0.499995832337796,0.0782123610143236,8,0.0542972,0.0742533,0.0469112,0.52873
163,104.9745972,203.204653975522,0.499996384874869,0.0751290639783165,8,0.0529588,0.0661975,0.0380875,0.5080173
164,105.6191906,203.200297271595,0.499996835336432,0.0721437076459442,8,0.0563816,0.0677661,0.0524796,0.4550011
165,106.2178087,203.196382634793,0.499997222796133,0.072859515047781,8,0.0478082,0.0620468,0.0374757,0.4420918
166,106.8160646,203.192850189332,0.499997507648645,0.073584504348047,8,0.0482355,0.055415,0.0379643,0.4482512
167,107.4300251,203.189498962819,0.499997727646356,0.0741020090262673,8,0.0474057,0.0606017,0.0382886,0.4566827
168,108.0467528,203.18631900621,0.499997922220247,0.0740410254567263,8,0.0474611,0.0595792,0.0344147,0.4680233
169,108.679636,203.183336364034,0.499998074502067,0.0591279809820626,8,0.0471299,0.0605476,0.0342492,0.4832359
170,109.3202059,203.180507466494,0.499998196526655,0.0601075965116011,8,0.0480835,0.0629424,0.041912,0.4756121
171,109.903329,203.177730014669,0.499998291544134,0.0614015698900248,8,0.0467817,0.0613597,0.0390941,0.4264027
172,110.5033264,203.17497754126,0.499998375855472,0.0605438500607466,8,0.0466354,0.0673738,0.0386458,0.4369274
173,111.0886921,203.17229867553,0.499998450714812,0.0567229056938139,8,0.0436292,0.0620868,0.0386416,0.4323493
174,111.6739171,203.169733631511,0.499998515098143,0.0575716074536471,8,0.0485751,0.0614693,0.0380206,0.4282449
175,112.2608724,203.167197849341,0.49999856368613,0.0556770833849104,8,0.0471712,0.0619374,0.0399591,0.4260649
176,112.8535034,203.16468893783,0.499998596244769,0.0551344808050289,8,0.0516287,0.0597695,0.0404472,0.4325161
177,113.4522381,203.162195340606,0.49999863253676,0.0568493736135054,8,0.0478917,0.0618934,0.0396581,0.4405579
178,114.0454902,203.159773306028,0.499998647242412,0.057649284627442,8,0.0481314,0.0596557,0.0380288,0.4358689
179,114.6726092,203.157354881469,0.499998668993965,0.0553695115654058,8,0.0519002,0.0633274,0.0395495,0.464135
180,115.2749761,203.154956514575,0.499998675019011,0.0506642143604802,8,0.0442237,0.0578619,0.0362936,0.4558106
181,115.895494,203.152558884006,0.499998739003386,0.051507230092766,8,0.0495017,0.0623557,0.0363811,0.4646485
182,116.5215489,203.150235476101,0.499998792562221,0.0516154854516209,8,0.0467748,0.0603452,0.0405607,0.4662675
183,117.1494847,203.147864629993,0.499998850505809,0.0519442670180705,8,0.0472529,0.0622144,0.036052,0.4745506
184,117.7822629,203.145568512118,0.499998841295153,0.0509226423529203,8,0.0475229,0.0616069,0.0368274,0.4793731
185,118.4340471,203.14314484764,0.499998882001739,0.0482887655734298,8,0.0491149,0.0644219,0.0393768,0.4883121
186,119.1252595,203.140764936835,0.499998849743183,0.0460492286433785,8,0.0616967,0.0740188,0.0472051,0.489651
187,119.8146385,203.138240776566,0.499998908380337,0.0484479445493121,8,0.0558888,0.0643386,0.0405324,0.5205329
188,120.5318188,203.135761509511,0.499998883222739,0.0490510448880639,8,0.0595115,0.0838426,0.0499294,0.5109136
189,121.1196967,203.133289692129,0.49999893485265,0.0510206411943377,8,0.0484256,0.0612686,0.0352548,0.4350662
190,121.7045643,203.130749938481,0.499998929805949,0.0495680839296897,8,0.0462794,0.0594478,0.0371727,0.4337607
191,122.2890742,203.128040327155,0.499998942004995,0.0468028322847434,8,0.047389,0.066057,0.0389267,0.4239024
192,122.8746037,203.125324764104,0.499998953735276,0.0458327431811543,8,0.0475869,0.0622915,0.0385882,0.4261979
193,123.4544591,203.122598885676,0.499998987274607,0.0455672336592304,8,0.047482,0.0630957,0.034973,0.4268387
194,124.0484466,203.119907191766,0.499999010161188,0.0438023896664221,8,0.047834,0.0601988,0.0368651,0.4416287
195,124.6572894,203.11719316382,0.499999018664246,0.0455253512751932,8,0.0468517,0.060443,0.0403632,0.4495583
196,125.293049,203.114411876959,0.499999013615244,0.0457822795884499,8,0.0467212,0.0609591,0.038223,0.481179
197,125.9450121,203.111553679847,0.499999019161252,0.0459991828610319,8,0.0561199,0.0648179,0.0425605,0.4799517
198,126.5698601,203.108754444561,0.499999027248024,0.0440601458005123,8,0.0512502,0.0582821,0.0382714,0.4679556
199,127.2040935,203.105970634419,0.499999042737984,0.0446882413892976,8,0.049027,0.0633885,0.0367195,0.4765304
200,127.8524807,203.103167106109,0.499999048354115,0.0456278057374582,8,0.0502659,0.0684939,0.0427723,0.4770276
201,128.5785231,193.894409840808,0.504480953781296,0.0457042785265852,16,0.0576669,0.0723598,0.0453151,0.5405129
202,129.1814886,195.952648408123,0.49860427967409,0.184672855776929,16,0.0508124,0.0701176,0.0381458,0.4362502
203,129.7923056,196.12497791863,0.498846463174468,0.193415411886134,16,0.0606903,0.0715767,0.0477845,0.4186451
204,130.4070825,196.649822729641,0.498159427022029,0.194423097937213,16,0.0476185,0.0653194,0.0373875,0.4570131
205,131.0436663,197.271413968115,0.497281038769931,0.197900076437398,16,0.0490278,0.0622801,0.0395563,0.4741916
206,131.6818242,196.743298368799,0.497731848360739,0.194396166614187,16,0.0500365,0.0676666,0.037465,0.4729101
207,132.3613041,196.272587988603,0.498651237521302,0.189394769856012,16,0.0504101,0.0676027,0.0381557,0.5123652
208,133.0630341,195.827158452678,0.499033922413089,0.165889531639725,16,0.0493238,0.0641637,0.0386567,0.5386616
209,133.690864,195.483608022156,0.49984660983889,0.0995944077026717,16,0.0493319,0.0694812,0.0368151,0.4641591
210,134.47525,195.431126081633,0.499976998432561,0.0678383873535984,16,0.0519167,0.0690391,0.0442644,0.6093458
211,135.2624271,195.422475269601,0.499990101356913,0.092018392949338,16,0.0579247,0.0792455,0.050181,0.5872757
212,135.9552378,195.41787484209,0.499991676591959,0.0662371218310759,16,0.0595184,0.0837324,0.0434265,0.4944187
213,136.6044557,195.413614909651,0.499992920262498,0.0589516488868471,16,0.0493036,0.0649397,0.0360311,0.4915636
214,137.2864157,195.409792565369,0.499993937587879,0.0603729844152917,16,0.0541475,0.0668637,0.0384867,0.5137585
215,138.0213748,195.406353162934,0.499994645332128,0.0628193451436382,16,0.0515432,0.0634157,0.0360911,0.5757267
216,138.7140984,195.403085222222,0.499995249454714,0.0573162656889563,16,0.0660027,0.0685506,0.0445783,0.5040041
217,139.3112784,195.39989241887,0.499995669488722,0.0547598957765857,16,0.0454373,0.0613292,0.0407315,0.4383383
218,139.9663566,195.396789055691,0.499996030337191,0.0518745555695042,16,0.0497495,0.0683716,0.0400504,0.4864823
219,140.5708021,195.393866998832,0.499995977985063,0.0512312884372543,16,0.0495275,0.0662302,0.0380067,0.4425405
220,141.2039229,195.391545521038,0.499994778260281,0.0523721120941095,16,0.0513546,0.0648994,0.0398091,0.4649592
221,141.8196998,195.389473679331,0.499992222410296,0.0529999392534916,16,0.0536833,0.0685999,0.0403758,0.445767
222,142.4557411,195.388004094095,0.499988864394985,0.0539606157602787,16,0.0467085,0.0635456,0.038997,0.4787063
223,143.0472995,195.383974979911,0.499992182179771,0.0538575008817515,16,0.0495448,0.065522,0.0360569,0.4325606
224,143.6693104,195.380696931068,0.499994220379544,0.0561555076589048,16,0.049866,0.0653453,0.0356682,0.4633983
225,144.3054634,195.379431954864,0.499993071667382,0.0565839700416334,16,0.0485164,0.0673146,0.0347837,0.478138
226,144.9611455,195.38511600336,0.499977693270476,0.106867016737581,16,0.0518098,0.0724223,0.043085,0.4800648
227,145.6356495,195.398026978258,0.499943842971665,0.120379182503355,16,0.0484132,0.0644424,0.039714,0.5141387
228,146.2838093,195.400551481955,0.49992641697411,0.155488990438822,16,0.0479269,0.0637236,0.0358052,0.4932539
229,147.0163943,195.385914161098,0.499951705665507,0.108887282339204,16,0.05963,0.0663741,0.0421724,0.5537248
230,147.7686336,195.369830288896,0.499984105044491,0.076054700806572,16,0.0562057,0.0682371,0.047033,0.5722647
231,148.5011208,195.363016300341,0.499997179162367,0.0501342274996757,16,0.0549425,0.0731685,0.0430519,0.5519674
232,149.2988807,195.360083785067,0.499998927945512,0.0487738549391575,16,0.0475451,0.0623168,0.0377329,0.6427089
233,150.0841583,195.357711612712,0.499998943920383,0.0474892007369584,16,0.0542396,0.0734951,0.0420294,0.6070087
234,150.7757921,195.355302032321,0.499998946612313,0.0439917412740198,16,0.0527328,0.0658568,0.0398559,0.5229927
235,151.4318887,195.35288556013,0.499998976585872,0.0474487672319887,16,0.0558158,0.0648795,0.0412455,0.4856158
236,152.0631812,195.350454722484,0.499998988631851,0.0450594293555941,16,0.0506755,0.0644044,0.037075,0.4709439
237,152.7228121,195.348040428649,0.499998967872618,0.0456059189999046,16,0.0517848,0.0677724,0.0406506,0.4917778
238,153.3750127,195.345602092243,0.49999895434377,0.051032311972666,16,0.0480999,0.060129,0.034163,0.5019881
239,154.0115224,195.343146756503,0.499998923753559,0.0555120379007195,16,0.0512112,0.0667988,0.0405723,0.4680104
240,154.6514655,195.340766977121,0.499998983491566,0.0516187876658538,16,0.052998,0.0738734,0.0407008,0.4628779
241,155.2822796,195.338413020745,0.499998993697834,0.0410846640056623,16,0.0526028,0.0640489,0.0386295,0.4678477
242,155.9899321,195.336066842037,0.499998964754625,0.0415369857905693,16,0.0654287,0.0783211,0.0523987,0.4984164
243,156.6942108,195.333773221196,0.499998792924891,0.0453727734439729,16,0.0537633,0.0708791,0.0424887,0.5284481
244,157.3114659,195.331548854116,0.499998532063885,0.0523094329324124,16,0.0504688,0.0658867,0.0400737,0.452327
245,157.9142321,195.329632173846,0.499997609649939,0.0531126084584729,16,0.0479524,0.0671535,0.0369847,0.4434392
246,158.6230767,195.327393882781,0.499997459899597,0.0451081769395152,16,0.0447788,0.07231,0.0417205,0.5400045
247,159.363848,195.325204954276,0.499997308031581,0.0496858977513602,16,0.065446,0.0867756,0.0543898,0.5235916
248,160.1265627,195.322815977983,0.499997886487892,0.0445299372778063,16,0.0630129,0.0782144,0.0466749,0.5626004
249,160.8166438,195.320907683397,0.499997187509261,0.0625628077390512,16,0.0603418,0.0742833,0.0432241,0.5039275
250,161.5424318,195.318458020987,0.499997676416,0.065424325461211,16,0.0610271,0.0681082,0.0424207,0.5453732
251,162.3467646,195.3157440714,0.499998372048981,0.056025347663641,16,0.0550584,0.0735714,0.0461562,0.6205295
252,163.0270542,195.313277205918,0.499998780888136,0.038108815515703,16,0.0572334,0.0704667,0.0406547,0.5042734
253,163.7402312,195.310777833259,0.499998966212842,0.0424365738608241,16,0.0494244,0.0639556,0.03755,0.5541835
254,164.4721716,195.308429616149,0.499999038030926,0.0399342640271378,16,0.0481467,0.0651149,0.0364969,0.5740527
255,165.2006845,195.30608847744,0.49999911447672,0.0401650156844217,16,0.0521171,0.066868,0.0432244,0.5574318
256,165.9201964,195.303798820244,0.49999911382769,0.0361401634530127,16,0.0692208,0.0742098,0.0449449,0.5230711
257,166.5676841,195.301464791109,0.499999112801336,0.0335164667963523,16,0.0531704,0.064102,0.0399034,0.4815135
258,167.2349734,195.299146884435,0.499999109189952,0.0341874118637711,16,0.0496505,0.0633657,0.0370799,0.509909
259,167.8360027,195.296763325197,0.499999128187773,0.0342228538876546,16,0.0486929,0.0623152,0.0371583,0.4452149
260,168.4285647,195.294421498457,0.499999134933344,0.0342648123043253,16,0.049028,0.0628791,0.0369547,0.4363146
261,168.9939162,195.292117421495,0.499999152128635,0.0330138692726307,16,0.0487246,0.0639617,0.034201,0.4113156
262,169.5486405,195.289908589541,0.49999915059061,0.0339964186877194,16,0.0480361,0.067451,0.0373211,0.3935503
263,170.1363359,195.287614752329,0.499999160149215,0.0345422432533484,16,0.0491227,0.0652639,0.0372202,0.428169
264,170.722377,195.285370376939,0.499999157655029,0.0355692092050146,16,0.0480334,0.0703317,0.0382209,0.4215737
265,171.3074583,195.283089323076,0.499999186903977,0.0358214506657033,16,0.0517561,0.0637312,0.0431142,0.4182026
266,171.9071792,195.280925436803,0.499999183258942,0.0371217808782331,16,0.0532846,0.0727058,0.0402384,0.4253351
267,172.511358,195.278754063658,0.499999153605839,0.0340946273019032,16,0.0531916,0.0651999,0.041649,0.436173
268,173.2385375,195.276673111371,0.499999093704456,0.036388402360969,16,0.0550284,0.0774322,0.0472975,0.5357233
269,173.8618326,195.274471971551,0.499998988452523,0.0332911949893208,16,0.0602508,0.0651667,0.0427704,0.4471389
270,174.5632179,195.27238085959,0.499998980850444,0.0331213087373794,16,0.0577841,0.0779085,0.0470236,0.5049687
271,175.1680082,195.270198580068,0.499999036073361,0.0320507391039949,16,0.0575533,0.0662366,0.0417386,0.4295802
272,175.8511582,195.268060733502,0.499999115045606,0.033201408943735,16,0.0495339,0.0671877,0.0381861,0.517721
273,176.6406272,195.265996309907,0.499999178039062,0.0291177145464975,16,0.0562665,0.0705717,0.0493839,0.6035587
274,177.4200148,195.263860109956,0.499999184198025,0.032186986003737,16,0.0642952,0.1175545,0.0450003,0.5397825
275,178.0542834,195.261749018008,0.499999201288704,0.0296468109581407,16,0.0606858,0.0744032,0.0446759,0.4441467
276,178.6498039,195.259629192147,0.499999198917043,0.0302522653060905,16,0.0479413,0.0618314,0.0384989,0.4397515
277,179.2650443,195.257568436195,0.499999202129692,0.0300932637880478,16,0.0516125,0.0645803,0.0411133,0.4482032
278,179.8358206,195.255536832571,0.499999211317806,0.0307615450072924,16,0.0525885,0.0621486,0.0379205,0.4091886
279,180.4287565,195.253502267358,0.499999202151193,0.0285695968725567,16,0.0433984,0.0637005,0.0384649,0.439135
280,181.0375587,195.251455947461,0.499999207429838,0.0290641662366182,16,0.0567888,0.0737094,0.0438567,0.4229117
281,181.6808474,195.24941529956,0.499999211854279,0.0296152062554856,16,0.0484205,0.0638961,0.0384288,0.4846565
282,182.3848127,195.247398793605,0.499999199181113,0.0300819705614741,16,0.0684028,0.0976123,0.0590249,0.4660072
283,182.9718908,195.245417976854,0.49999920216425,0.030624244116035,16,0.0501376,0.0661828,0.0360841,0.4269033
284,183.5519994,195.243429605279,0.499999201299566,0.0310562924994741,16,0.0485825,0.0648045,0.0359024,0.4217479
285,184.1196913,195.241509463568,0.499999204627825,0.0315521233166828,16,0.051416,0.062204,0.037421,0.4088023
286,184.6840216,195.239505018875,0.499999194184016,0.0288130401440595,16,0.0476464,0.0670683,0.0385041,0.401196
287,185.2914349,195.237579682441,0.499999167443331,0.0256781724908478,16,0.0544999,0.0655515,0.0418516,0.4374273
288,185.8568094,195.235630536894,0.499999193011901,0.0261784715171968,16,0.0549108,0.0680368,0.0376497,0.3968035
289,186.4588448,195.233787568879,0.49999917619955,0.0263056792090961,16,0.0501532,0.0664368,0.0412202,0.4349591
290,187.0425447,195.231873943932,0.499999140030299,0.0248133485790181,16,0.05274,0.0656997,0.0389008,0.4152301
291,187.6315855,195.230005229735,0.499999121572289,0.0254334851002125,16,0.0512226,0.0654361,0.0381677,0.4256073
292,188.2292562,195.228068556068,0.499999103808443,0.0258202582657081,16,0.047183,0.0626915,0.03895,0.4390299
293,188.7913178,195.226214567767,0.499999187948133,0.0256904062767064,16,0.0472356,0.0621734,0.0368451,0.4083428
294,189.3447863,195.224407204827,0.499999190109099,0.0258649967319153,16,0.0473563,0.0639716,0.0354215,0.3988628
295,189.9234737,195.222632193438,0.499999205400566,0.0249793671537708,16,0.0481201,0.0651173,0.0372383,0.4206398
296,190.4729245,195.22075450787,0.499999155826141,0.0276754519837493,16,0.0496038,0.0657458,0.0364853,0.3893201
297,191.0202151,195.218941777114,0.499999164577536,0.02394805247368,16,0.0454712,0.0641932,0.0360645,0.3940494
298,191.5963944,195.217157014715,0.499999191110018,0.0287614463873179,16,0.0478076,0.0645096,0.0348237,0.4218115
299,192.1644704,195.215454704824,0.499999231861609,0.0229956016957672,16,0.0500157,0.0645578,0.03555,0.4100844
300,192.8107566,195.213755937565,0.499999209351132,0.0251480764224543,16,0.0499667,0.0739206,0.04122,0.4687624
301,193.4080503,195.212011607583,0.499999197683208,0.0244913021602866,16,0.0645545,0.0675955,0.0526909,0.4038474
302,193.9672554,195.21025219155,0.499999186104968,0.0247444682574367,16,0.0454531,0.0633528,0.03618,0.4062734
303,194.5253132,195.208558448208,0.499999212147969,0.0221215496808108,16,0.0454076,0.0615282,0.0355654,0.4079096
304,195.0872866,195.206914343899,0.499999240064231,0.0217801180253618,16,0.0502768,0.0642783,0.0361788,0.4035083
305,195.7821609,195.205296636071,0.499999230108388,0.0220572974468252,16,0.0553706,0.0797259,0.0459913,0.5039571
306,196.4799165,195.2036786142,0.499999204407055,0.0216857886650812,16,0.0564171,0.0955921,0.0439298,0.4888199
307,197.0764894,195.201985650525,0.499999187769362,0.0218912894313994,16,0.0500554,0.068984,0.0435143,0.4222072
308,197.6602609,195.200341645823,0.499999185918313,0.0221931075808617,16,0.0482917,0.0633971,0.0375574,0.4241144
309,198.2758061,195.1987884502,0.499999237098194,0.0220560330647016,16,0.0461198,0.0663719,0.0383855,0.4553729
310,198.9353698,195.197253959175,0.499999245655557,0.0211664127652799,16,0.0588926,0.0709536,0.0451181,0.4719117
311,199.5217611,195.195702441267,0.499999225822029,0.0206973850272391,16,0.0531767,0.0635351,0.038492,0.4233014
312,200.1382352,195.194136825534,0.499999176648073,0.0210236283528241,16,0.0487968,0.06379,0.0371949,0.4564016
313,200.7423183,195.192569762425,0.499999171465725,0.021346528174333,16,0.0540274,0.0703826,0.039475,0.4321703
314,201.35577,195.191039567986,0.499999215304804,0.0217879731144911,16,0.0494006,0.0639342,0.0364778,0.455749
315,201.9688605,195.189606830018,0.499999269002929,0.0210084139865451,16,0.0519731,0.0687107,0.0419751,0.4423952
316,202.5673371,195.18817208349,0.499999240164024,0.0221799143144188,16,0.0442379,0.0632018,0.0369469,0.4461426
317,203.2724926,195.186676629396,0.499999224299357,0.0204853642899497,16,0.0581351,0.0756345,0.0460467,0.5144179
318,203.9894637,195.185210952372,0.499999203011259,0.0211366260578576,16,0.0573588,0.0800935,0.0431,0.5248526
319,204.6330899,195.183717417424,0.499999220026223,0.0208860997180823,16,0.052842,0.0796071,0.0474929,0.4527413
320,205.3230054,195.182311641126,0.499999256794991,0.0219721660145658,16,0.0549065,0.0872696,0.0497141,0.4868748
321,205.9916978,195.180975435537,0.499999282910049,0.0211639496364086,16,0.054097,0.0691217,0.0430432,0.4910991
322,206.6850919,195.179588129116,0.49999924632892,0.0226402879218625,16,0.0545706,0.0768908,0.0483132,0.4990741
323,207.2832825,195.178172133862,0.499999242016203,0.0219888793227462,16,0.0504987,0.0658834,0.0378746,0.434297
324,207.870846,195.176813504884,0.499999223207545,0.0228426710184295,16,0.0471158,0.0665288,0.036654,0.4299433
325,208.4578946,195.175441161002,0.499999256053625,0.0227701459341655,16,0.048186,0.0674173,0.0357852,0.4278361
326,209.0328504,195.174126758648,0.499999292648115,0.0231731072018535,16,0.0473037,0.0645463,0.0351283,0.4206971
327,209.6277359,195.172885010684,0.499999292574844,0.0232981827130176,16,0.0485184,0.0631908,0.0355906,0.4377276
328,210.2157872,195.171585930566,0.499999269142826,0.0236031743750298,16,0.0479146,0.0694361,0.0391514,0.4240818
329,210.841936,195.170282877655,0.499999258794237,0.0217238005745574,16,0.0479253,0.0689668,0.0393045,0.4582544
330,211.4631444,195.169022163941,0.499999257840748,0.0195889531809589,16,0.0514335,0.0698136,0.0410885,0.4472127
331,212.0626254,195.167784959545,0.499999291318043,0.0197664849698703,16,0.0487399,0.0783565,0.03931,0.4253067
332,212.6667777,195.166577510953,0.499999316681303,0.018037181866319,16,0.048166,0.0680319,0.0376839,0.4416762
333,213.2718237,195.165425622262,0.499999293695557,0.017717836205722,16,0.0561085,0.0717186,0.0421538,0.4261165
334,213.8728344,195.164166341089,0.499999266977959,0.01804519565799,16,0.045183,0.0671079,0.0381699,0.4387045
335,214.4874454,195.162969560539,0.499999281367786,0.0181587223662189,16,0.0511573,0.0798743,0.041609,0.4325713
336,215.1557635,195.161820286708,0.499999289235674,0.0186215340773703,16,0.0507101,0.0679911,0.0413668,0.4973993
337,215.7732025,195.160650134362,0.499999309990246,0.0186321928875503,16,0.0492102,0.0652132,0.0397728,0.4518245
338,216.3877079,195.159509635573,0.499999325577746,0.0191756304393409,16,0.0523117,0.0659232,0.0401839,0.4477928
339,216.9617294,195.158418848506,0.499999327096326,0.0189566025160499,16,0.0470865,0.0622401,0.0348658,0.4225749
340,217.5492305,195.157274036639,0.499999302701792,0.019786173435528,16,0.04558,0.0670116,0.0390441,0.4269236
341,218.188519,195.156151618705,0.499999305964372,0.0181961881717546,16,0.0519125,0.0859928,0.0400872,0.4514893
342,218.7993624,195.155089439969,0.499999315742105,0.0185885172563398,16,0.0499754,0.0687303,0.0362941,0.4477404
343,219.387054,195.154001445661,0.499999338452511,0.0183988201747826,16,0.0487613,0.0627508,0.0370156,0.4318361
344,219.9740586,195.152934278848,0.499999340540256,0.0185548532623607,16,0.0489191,0.0662669,0.0379038,0.4248339
345,220.6548528,195.151893318923,0.499999332599749,0.0184858122306891,16,0.0472927,0.0654427,0.0384232,0.521006
346,221.2929267,195.150832178244,0.499999332179515,0.0188286673074288,16,0.0543929,0.0702516,0.0415441,0.4624255
347,221.8704102,195.149807220395,0.499999341265047,0.0189977523376527,16,0.046529,0.0656168,0.0356844,0.4223654
348,222.4508383,195.148810733986,0.499999336141522,0.0193510405538645,16,0.0463335,0.0660713,0.037582,0.4193671
349,223.0375016,195.147772931893,0.499999353953607,0.0195308360107758,16,0.0450794,0.062843,0.0401066,0.4310652
350,223.6193856,195.146770346633,0.499999370636656,0.0199854358931346,16,0.0494283,0.0648201,0.0375407,0.4195739
351,224.2100145,195.145820889967,0.499999350787779,0.0186230646220729,16,0.0487647,0.0632241,0.0362473,0.4343162
352,224.7780335,195.144803659751,0.499999344272246,0.0184737529447865,16,0.0487818,0.0635335,0.0377634,0.4098829
353,225.3710007,195.143841290731,0.499999354604711,0.0182425023044237,16,0.048352,0.0656932,0.0375505,0.4303879
354,225.9483077,195.142896000731,0.499999356248916,0.0190535604776579,16,0.0449108,0.0625287,0.0383422,0.4237409
355,226.5489737,195.141925981174,0.499999371422962,0.0178217801099029,16,0.0482929,0.0636047,0.0356599,0.4421908
356,227.1325477,195.140992916443,0.499999389400734,0.0181834664999934,16,0.0481138,0.067803,0.0384919,0.4203055
357,227.7184533,195.140120233283,0.49999937207505,0.0180263473495741,16,0.0427064,0.05986,0.0368928,0.4390422
358,228.2831375,195.139159637679,0.499999359331377,0.018408064089517,16,0.0443354,0.0656155,0.0367271,0.4106563
359,228.8566171,195.138237928846,0.499999383023228,0.0183765351257537,16,0.0484092,0.0644261,0.0352315,0.4174395
360,229.4364146,195.137385714161,0.499999391728682,0.0185348324869318,16,0.0484666,0.0656992,0.0359457,0.4218169
361,230.0212216,195.136484415702,0.499999408590569,0.0174957989297552,16,0.0458845,0.0650742,0.0373517,0.4283412
362,230.6091799,195.13562456445,0.499999398151155,0.0185179660337919,16,0.0482265,0.0634524,0.0384102,0.4299676
363,231.1975092,195.134781015217,0.49999938186988,0.0181122215093033,16,0.0424104,0.0609011,0.0360719,0.4415381
364,231.8191438,195.133878473249,0.499999383700044,0.018803825727438,16,0.0512966,0.066452,0.037196,0.458483
365,232.4510192,195.133025739756,0.499999418499714,0.0185880806923222,16,0.0546913,0.0677805,0.0420261,0.4588912
366,233.0355321,195.13224542523,0.499999413288754,0.0181449221993107,16,0.0486478,0.0618328,0.0378596,0.428435
367,233.6502688,195.131390925332,0.499999420323041,0.0168266672174432,16,0.0530261,0.0671938,0.0384945,0.448054
368,234.2676697,195.13056893583,0.499999413332082,0.0162729498864481,16,0.0614574,0.0688857,0.042869,0.43721
369,234.8583185,195.129785618498,0.499999400918769,0.0162991113136532,16,0.0460256,0.0613496,0.036439,0.4395208
370,235.4633812,195.128931538105,0.499999418753041,0.0164805129264018,16,0.052169,0.0648182,0.0384365,0.4415974
371,236.0492283,195.128158779545,0.499999434919938,0.0148776205441771,16,0.0495228,0.0662403,0.0381155,0.4217068
372,236.6437986,195.127410633331,0.499999426312382,0.0154448689855181,16,0.0475037,0.0632074,0.0383225,0.4340569
373,237.2338632,195.12660863246,0.499999433511976,0.0153153078143801,16,0.0481624,0.067541,0.0383374,0.4270874
374,237.8409239,195.125829521546,0.499999424675114,0.0157251239622137,16,0.0478474,0.0629689,0.0392679,0.4487712
375,238.4743554,195.125108056608,0.499999415041239,0.0156575376379616,16,0.0626498,0.0688191,0.041229,0.4528783
376,239.0854596,195.124288488857,0.499999439521268,0.0159592716251375,16,0.0525919,0.0633506,0.0426286,0.4419957
377,239.9579887,195.123565465608,0.499999449847389,0.0158702554623062,16,0.0531804,0.0721613,0.0579317,0.6810093
378,240.5862469,195.122890525513,0.499999440268066,0.016370258839977,16,0.0515992,0.0670791,0.03813,0.4636372
379,241.1776738,195.122115377988,0.499999445366179,0.016129058426152,16,0.059924,0.0611431,0.0388803,0.4244411
380,241.7807545,195.121380068479,0.499999434908866,0.016722229209473,16,0.051954,0.0657769,0.0387099,0.437999
381,242.3770568,195.120699529493,0.499999433735041,0.0164390294341542,16,0.0498169,0.0664793,0.0428207,0.4271482
382,243.1098214,195.119941383443,0.499999462914998,0.0169154209830594,16,0.0462237,0.0695177,0.0383182,0.5687375
383,243.8216055,195.119266003089,0.499999462298121,0.0167650702647316,16,0.0658824,0.0688217,0.0432713,0.5252027
384,244.4767295,195.118612938525,0.499999446820238,0.0170943190456221,16,0.0528048,0.0687918,0.0439288,0.4768679
385,245.1087903,195.117854552484,0.499999451109176,0.0170941940143968,16,0.0528612,0.0649704,0.0520884,0.4509708
386,245.7276889,195.117166395019,0.499999446731477,0.0172750785100122,16,0.0494193,0.0716223,0.0394972,0.4500453
387,246.3370016,195.116521688884,0.499999453816086,0.0171767725115292,16,0.0469247,0.0640959,0.0378882,0.4526981
388,246.9247044,195.115804880116,0.499999479038068,0.0154294792835563,16,0.0473522,0.0646034,0.0377123,0.4277693
389,247.5241621,195.11516479443,0.499999475613088,0.014549070417412,16,0.0473653,0.0648213,0.0358248,0.4433798
390,248.1194176,195.114550653259,0.49999946297654,0.0148632548138053,16,0.0480611,0.0657544,0.0376063,0.4358874
391,248.7319583,195.113831397254,0.499999469666404,0.014860107088321,16,0.0510786,0.0653375,0.0387491,0.4500164
392,249.3670427,195.113190150538,0.499999459407424,0.0152291037231049,16,0.0565391,0.0718247,0.0433471,0.4540455
393,249.9562711,195.112581174591,0.499999473137597,0.0151037282396755,16,0.0495667,0.0635371,0.0356909,0.4328969
394,250.5440921,195.111907267845,0.499999497024629,0.0151325794127193,16,0.051505,0.0620491,0.0388504,0.4273408
395,251.1433299,195.111308142231,0.499999484670575,0.0146754815701979,16,0.0469991,0.0635768,0.0360586,0.443871
396,251.7402259,195.110734966622,0.499999474192275,0.0147965131799853,16,0.043751,0.0657364,0.0387566,0.4409958
397,252.3408011,195.110050374488,0.499999483073681,0.0150343180865804,16,0.0478894,0.0655461,0.0375135,0.4391433
398,252.9326479,195.109442010992,0.499999474843917,0.0151032906869051,16,0.0499374,0.0629334,0.0372338,0.4342595
399,253.5436652,195.108873927803,0.499999495756831,0.0145237411196615,16,0.0503265,0.0692146,0.0381522,0.445141
400,254.1619287,195.10824376472,0.499999511946627,0.0150650391133067,16,0.046379,0.0662683,0.0415647,0.4376106
401,254.7846795,195.107676558149,0.499999493040196,0.0149023518534876,16,0.0517984,0.0669568,0.0428459,0.4513082
402,255.3907181,195.107123974519,0.4999994875553,0.0152486433743823,16,0.0522556,0.0681394,0.0415231,0.4359103
403,255.9790848,195.106465784924,0.499999492244662,0.0152624204682881,16,0.0468879,0.0630272,0.037866,0.4326596
404,256.5562025,195.105901153393,0.499999495693822,0.0155018968938648,16,0.0509382,0.063231,0.0343683,0.42048
405,257.1490972,195.105370986455,0.499999517019345,0.0155568990250622,16,0.0472926,0.0645282,0.0378246,0.4336195
406,257.7515771,195.104774144137,0.499999522314328,0.0156835101907244,16,0.0498486,0.0646955,0.0363214,0.4432793
407,258.343649,195.104244074719,0.499999510746941,0.0158260591222529,16,0.0490103,0.0640427,0.0388085,0.4312839
408,258.950089,195.10371718191,0.49999950143864,0.0153836609384943,16,0.0501875,0.0655496,0.0362181,0.443069
409,259.5364222,195.103075500808,0.4999995009564,0.0144003605396685,16,0.0518273,0.0649645,0.0390896,0.4228239
410,260.1837736,195.102535106647,0.499999509242585,0.0145406005872018,16,0.0487344,0.0632686,0.0387876,0.4871375
411,260.7956784,195.10204012048,0.49999952716844,0.0147037064798896,16,0.0506319,0.0721298,0.0426477,0.4354967
412,261.3753379,195.101457898896,0.499999528580719,0.0146138095983961,16,0.0484432,0.0601176,0.0376766,0.4242339
413,261.9819747,195.100942956084,0.499999514675676,0.0139836699450218,16,0.0546379,0.0704069,0.0396068,0.4334722
414,262.5733507,195.100431392678,0.499999506382602,0.0142719860481091,16,0.0490975,0.0662137,0.0367738,0.4315807
415,263.1525507,195.099814221015,0.499999511145687,0.0142349085454514,16,0.0455988,0.0647437,0.0354475,0.4255954
416,263.754335,195.099310652616,0.499999527363771,0.0145919541702981,16,0.0484781,0.0658453,0.0390139,0.4407154
417,264.3894599,195.098861733407,0.499999545059636,0.0134763661161594,16,0.0562089,0.0636376,0.0395865,0.4673256
418,265.0797961,195.098305471247,0.499999536354902,0.0133000983511159,16,0.0559915,0.0689807,0.0410991,0.513449
419,265.810702,195.097808424514,0.499999523745771,0.0133684497298256,16,0.0586893,0.0713357,0.0503652,0.5370824
420,266.4502215,195.097322474288,0.499999519782558,0.0134791144361369,16,0.0618988,0.0768789,0.04533,0.4417068
421,267.0562764,195.096745584321,0.499999529291056,0.0136086558370859,16,0.0506929,0.0659593,0.0387234,0.4395458
422,267.6818005,195.096283974447,0.499999545771653,0.0136923854034131,16,0.0499035,0.0779974,0.0401196,0.4492628
423,268.2911605,195.095853571955,0.499999553407157,0.0131842213091589,16,0.049451,0.0624969,0.039219,0.4505171
424,268.9450442,195.095308437643,0.499999544001562,0.012866576654693,16,0.0533609,0.0729325,0.0445254,0.4704964
425,269.6328545,195.094842300752,0.499999534001498,0.0130128708359229,16,0.0555178,0.0774782,0.0451702,0.4996248
426,270.259665,195.094375628158,0.499999530753589,0.013122553342186,16,0.0548028,0.06885,0.0432675,0.4522602
427,270.8637388,195.093816992306,0.499999543193536,0.0132726592378257,16,0.051877,0.0712831,0.0444363,0.4248284
428,271.4832504,195.093388762384,0.499999560446891,0.0133779261491548,16,0.0463977,0.0659105,0.0407079,0.4561182
429,272.1211434,195.09297748272,0.499999558572023,0.0135369485765767,16,0.0578079,0.0709529,0.0413375,0.4590154
430,272.7262637,195.092441079279,0.499999545571758,0.0136649242051363,16,0.0520239,0.0666067,0.0401784,0.4382793
431,273.3084258,195.091984075881,0.499999542494407,0.0137791772536341,16,0.0480985,0.0651664,0.037812,0.4234783
432,273.9214212,195.091552776027,0.499999543645296,0.0138938269746613,16,0.0510945,0.0684484,0.0392209,0.4469867
433,274.5660261,195.091022302531,0.49999955879612,0.0125274116128953,16,0.0473883,0.0647579,0.0409434,0.4833953
434,275.2112319,195.09061556309,0.499999567614232,0.0117927895261738,16,0.0522953,0.073219,0.0412198,0.4680426
435,275.8213396,195.090216832954,0.499999561255903,0.0118922132823838,16,0.0524302,0.0680611,0.0373045,0.4443332
436,276.4115049,195.08970578273,0.499999556936107,0.0120348457466443,16,0.0501154,0.0633868,0.0373552,0.4291731
437,277.024547,195.089275781018,0.499999553025889,0.0121226889512916,16,0.0506696,0.0674043,0.0398399,0.4441312
438,277.6280444,195.088867800817,0.499999553700486,0.0122618580225118,16,0.0525648,0.0670138,0.0404985,0.4344009
439,278.2391199,195.088360964767,0.499999568311045,0.0123187696024278,16,0.0475576,0.0648129,0.0388345,0.4508378
440,278.8613785,195.087972161346,0.499999572742057,0.0121433099407213,16,0.053425,0.0687197,0.0404254,0.4509547
441,279.5444781,195.087581428487,0.499999563141762,0.0121310995623022,16,0.0510849,0.0672896,0.0400994,0.5135625
442,280.1990746,195.087080655954,0.499999564886442,0.0124358467933708,16,0.061351,0.0715261,0.0428689,0.4682283
443,280.8038893,195.086678406453,0.499999562347714,0.0123392138167652,16,0.0491611,0.0654138,0.0377058,0.4450142
444,281.4135778,195.086289767724,0.49999955914638,0.012751472692248,16,0.0485544,0.0653912,0.0377639,0.4504711
445,282.0514769,195.085799469402,0.499999577123451,0.0125781144670843,16,0.0538543,0.0672826,0.0389375,0.4679815
446,282.6528907,195.085424147879,0.499999573834895,0.01295419429314,16,0.0514,0.066402,0.037342,0.4383717
447,283.3120104,195.085053438255,0.49999957336026,0.0128860790232885,16,0.062355,0.0709558,0.0433808,0.4731485
448,283.9221931,195.084575852341,0.499999573357671,0.0131307607700054,16,0.0540546,0.0688573,0.0399609,0.4373212
449,284.514395,195.084185888017,0.499999566644424,0.0132051663667131,16,0.0477019,0.0659832,0.0360837,0.4344913
450,285.1264399,195.083809155425,0.499999566871596,0.0133800593935869,16,0.0454289,0.0621748,0.0396863,0.4571851
451,285.7402072,195.083321668646,0.49999958194195,0.0134268896425427,16,0.052358,0.0708652,0.0411292,0.4397303
452,286.3250873,195.08296995348,0.499999584454995,0.0135849869795611,16,0.0480273,0.0628643,0.0378131,0.4274774
453,286.919504,195.082612265885,0.499999575897257,0.0136620073377388,16,0.0493127,0.0651042,0.0376229,0.4325453
454,287.4981415,195.082149221371,0.499999581094117,0.0138013613711588,16,0.0458638,0.0605082,0.0371502,0.4271725
455,288.0941519,195.081776375288,0.499999574857544,0.0138943909769769,16,0.0488307,0.0652801,0.0391624,0.4348116
456,288.6886697,195.081412026729,0.499999575849572,0.0140440972895676,16,0.0483169,0.0673345,0.0379154,0.4310592
457,289.3019483,195.080951829294,0.499999593167552,0.0140681575597739,16,0.0576177,0.0659733,0.041947,0.4357163
458,289.8829504,195.080612117834,0.499999586282089,0.0142052046476477,16,0.0489439,0.0634078,0.0380114,0.4232656
459,290.4582276,195.080262620609,0.499999581689369,0.0142474769031526,16,0.0494752,0.0633349,0.0379973,0.4157696
460,291.0284763,195.079820669481,0.499999587436542,0.0135361963149999,16,0.0480065,0.0634489,0.0369344,0.4148268
461,291.6097855,195.079464938321,0.499999585495579,0.0125597685767179,16,0.0478859,0.0662765,0.0348699,0.4243184
462,292.1849224,195.07912397263,0.499999583290688,0.0126406547287197,16,0.0468928,0.0658371,0.0375219,0.4141667
463,292.7969748,195.078681366023,0.499999599031556,0.0128029469711217,16,0.0492339,0.0651617,0.0421104,0.4433562
464,293.3860815,195.078360450568,0.499999593777538,0.0119435311410173,16,0.0478553,0.0641825,0.0370948,0.4322151
465,293.9808873,195.078022894727,0.49999958806203,0.0116768549872489,16,0.0474563,0.0656302,0.0369917,0.4372248
466,294.6152547,195.077589440893,0.499999596290499,0.0117806315627712,16,0.0527473,0.0681664,0.0423523,0.4598258
467,295.2092354,195.077258751727,0.499999592661812,0.0116453545847254,16,0.0465241,0.0631137,0.03672,0.4404838
468,295.7982801,195.076935527208,0.499999593398065,0.0118102256654097,16,0.0484125,0.0673924,0.037137,0.4275874
469,296.389651,195.076510114932,0.499999604731907,0.0117505934341664,16,0.049307,0.0652837,0.0364418,0.4311869
470,296.981119,195.076201701933,0.499999599740963,0.0118766955387809,16,0.0461866,0.0646661,0.0356382,0.4373779
471,297.581749,195.075882378855,0.499999602551192,0.0118836101788066,16,0.0525816,0.0644527,0.0391158,0.4368783
472,298.1797231,195.075475581951,0.499999608180958,0.0119523106791388,16,0.0508275,0.0636817,0.0390373,0.4367146
473,298.7712921,195.07516185625,0.499999599040106,0.011989801207275,16,0.0477097,0.0657391,0.0361294,0.4343002
474,299.364037,195.074847704559,0.499999603333246,0.0120401546892918,16,0.04554,0.0608091,0.0356554,0.4423599
475,299.9892395,195.074437515154,0.499999615711869,0.0120351052770328,16,0.0509183,0.064333,0.0394801,0.462385
476,300.5883903,195.074144516832,0.499999610478442,0.0121149010395236,16,0.0502195,0.0685712,0.039038,0.4331962
477,301.1761148,195.073845045364,0.499999609684909,0.0122209398714763,16,0.0514868,0.0661901,0.0393119,0.4225839
478,301.7603497,195.073441464407,0.499999613544747,0.0123130072426416,16,0.0458968,0.0645369,0.0386753,0.423587
479,302.3197533,195.073143489249,0.499999611149502,0.01117303073176,16,0.0460969,0.0612645,0.0362077,0.4079817
480,302.9149354,195.072847222744,0.499999614556591,0.0105740134346946,16,0.0433476,0.0651839,0.0388008,0.4362218
481,303.5016154,195.072456841525,0.499999622480641,0.0105457947399639,16,0.0477346,0.0618265,0.0370889,0.4316537
482,304.0980635,195.07217412273,0.499999616270588,0.0106609878063195,16,0.0461485,0.0640535,0.0371963,0.4416492
483,304.6876592,195.071887122269,0.499999617623675,0.0107858045851028,16,0.0480926,0.0642202,0.0371059,0.429563
484,305.2820166,195.071497380222,0.499999622352217,0.0104346597979923,16,0.0480977,0.062729,0.0365837,0.4392595
485,305.8967374,195.071217325533,0.499999619480104,0.0103939642841806,16,0.0503585,0.0675981,0.0392792,0.4462979
486,306.4902562,195.07092988501,0.499999621291797,0.0103951330704891,16,0.049388,0.0635201,0.0373847,0.4323253
487,307.0807541,195.070560114845,0.499999630196657,0.0105133434276401,16,0.0507967,0.067134,0.0377664,0.4275257
488,307.6824149,195.070289928787,0.499999622583256,0.0105753629743557,16,0.0506768,0.0670415,0.0385335,0.437388
489,308.2573824,195.070016622019,0.499999628082806,0.0106769999826533,16,0.0467766,0.0638748,0.0391683,0.4167853
490,308.8469284,195.069638116432,0.499999630857172,0.0107557017077517,16,0.0509626,0.0677399,0.0398828,0.4221142
491,309.4295022,195.069374941585,0.499999625643713,0.0108339967596701,16,0.0469863,0.0618044,0.0363628,0.4297207
492,310.0296659,195.069096713571,0.499999628151191,0.0109220107298004,16,0.0440577,0.0718195,0.0403464,0.4352004
493,310.613138,195.068736951291,0.499999636848045,0.0110279857255085,16,0.0482284,0.0647157,0.0379565,0.4248441
494,311.2405201,195.068479464054,0.499999631498149,0.0110937744820981,16,0.0484832,0.0664181,0.0398942,0.4641347
495,311.8684959,195.0682176061,0.49999963069533,0.0111932309089788,16,0.052225,0.0680978,0.0420431,0.4566104
496,312.4785773,195.067848990731,0.49999964006798,0.0112629790161211,16,0.0521737,0.0682384,0.0371452,0.4447926
497,313.0916808,195.067600720045,0.499999630702385,0.0113360855197983,16,0.0522624,0.0671339,0.0386982,0.445567
498,313.6769679,195.067332948598,0.499999635172237,0.0114099047307142,16,0.0487956,0.0681097,0.0390883,0.4186593
499,314.2637605,195.066985627124,0.499999644065862,0.0115148654061384,16,0.0428654,0.0643222,0.0354554,0.4366043
500,314.8536977,195.066745956488,0.49999964122015,0.0115652886592789,16,0.0495846,0.068916,0.0379714,0.4244652
501,315.4635541,195.066494181071,0.499999636615105,0.0110339125855088,16,0.0478798,0.0651146,0.039869,0.4452195
502,316.0524084,195.066135053433,0.499999644113744,0.0111474485046713,16,0.0500944,0.0659054,0.0362671,0.4253393
503,316.6596604,195.065895496891,0.499999639041097,0.0111766431861995,16,0.0507854,0.0672544,0.0376508,0.4423088
504,317.2728933,195.065648434788,0.499999645225938,0.0111853854426915,16,0.0533074,0.0651245,0.0395587,0.4471121
505,317.8762213,195.065312011222,0.499999649843277,0.0112183728132253,16,0.0512434,0.0672695,0.0385169,0.4380454
506,318.4758374,195.065081525747,0.499999644986318,0.0109501522540711,16,0.0510064,0.0646248,0.0375611,0.4385307
507,319.0868374,195.064833186259,0.499999645457855,0.0109337339070225,16,0.0499566,0.0656532,0.0383636,0.449465
508,319.6847551,195.064500029624,0.499999657122498,0.01106573069676,16,0.0458771,0.0649493,0.0365377,0.4427881
509,320.2950105,195.06427964554,0.499999643627598,0.0111318354316423,16,0.0492861,0.0642321,0.0374151,0.4482903
510,320.8765825,195.064037642322,0.499999649026603,0.011244963304078,16,0.0498894,0.0671152,0.0375369,0.4197585
511,321.4561102,195.063709578325,0.499999657773333,0.0106943953216656,16,0.0453829,0.0638179,0.0360038,0.4243461
512,322.0447928,195.063493312795,0.499999652273975,0.010828602559487,16,0.0479427,0.0651673,0.0373787,0.4275375
513,322.7010476,195.063252446453,0.499999650482301,0.0108638037094342,16,0.0488656,0.065774,0.0387258,0.4952329
514,323.3135132,195.06293147299,0.499999661194748,0.0109766749903649,16,0.0531571,0.0676566,0.0393705,0.444466
515,323.8951123,195.062720413879,0.499999652537364,0.0110674701423703,16,0.0442286,0.0619177,0.0366878,0.4309892
516,324.4898405,195.062493327682,0.499999654794319,0.0111576167076941,16,0.0500683,0.0654095,0.0392976,0.4285039
517,325.0787527,195.062172270901,0.499999662763256,0.0111940645505485,16,0.0477467,0.0615241,0.0393416,0.4294798
518,325.659973,195.061967477621,0.499999657887761,0.0113233968712785,16,0.0489677,0.0636348,0.0354052,0.4260763
519,326.2354411,195.061742129383,0.499999659448873,0.0113808945666101,16,0.0464042,0.0651712,0.0378153,0.4144661
520,326.8043033,195.061430245547,0.499999662709083,0.0114720630644947,16,0.0466207,0.0640369,0.0363452,0.4146443
521,327.3820277,195.061224629237,0.49999965548436,0.0109562355058729,16,0.0473712,0.0676146,0.0395779,0.4143024
522,327.9780602,195.061004110174,0.49999966040126,0.00997882542699613,16,0.043093,0.0606905,0.0421227,0.4370491
